Name,Business Name,Email,WhatsApp/Phone,Location,Profile URL
Geffrey Klein,Obstetrics & Gynecology,,,,
George Johnson,Dentistry,,,,
Molham Aldeiri,Cardiovascular Disease,,,,
Kenneth Ellis,Dentistry,,,,
Tram Dinh,Internal Medicine,,,,
Theodore Ted Lilly,Internal Medicine,,,,
Jyoti Bharti,Internal Medicine,,,,
Erwin Korman,Obstetrics & Gynecology,,,,
Matthew Opalach,Internal Medicine,,,,
Christine Connolly,Internal Medicine,,,,
Geffrey Klein,Obstetrics & Gynecology,,,,
George Johnson,Dentistry,,,,
Molham Aldeiri,Cardiovascular Disease,,,,
Kenneth Ellis,Dentistry,,,,
Tram Dinh,Internal Medicine,,,,
Theodore Ted Lilly,Internal Medicine,,,,
Jyoti Bharti,Internal Medicine,,,,
Erwin Korman,Obstetrics & Gynecology,,,,
Matthew Opalach,Internal Medicine,,,,
Christine Connolly,Internal Medicine,,,,
Geffrey Klein,Obstetrics & Gynecology,,,,
George Johnson,Dentistry,,,,
Molham Aldeiri,Cardiovascular Disease,,,,
Kenneth Ellis,Dentistry,,,,
Tram Dinh,Internal Medicine,,,,
Theodore Ted Lilly,Internal Medicine,,,,
Jyoti Bharti,Internal Medicine,,,,
Erwin Korman,Obstetrics & Gynecology,,,,
Matthew Opalach,Internal Medicine,,,,
Christine Connolly,Internal Medicine,,,,
